seed,train_RMSE,train_MAE,train_R2,val_RMSE,val_MAE,val_R2,test_RMSE,test_MAE,test_R2,epochs_trained
7,3.4478232116128753,2.918831072536831,0.9754834189397454,2.5717866359583916,2.064935936726315,0.9550449390424695,205.4066256026297,135.17394759264278,-0.33079003205141433,29
42,2.969545795132529,2.4460902377531992,0.9818134641929888,2.55835682952327,2.0864000132386127,0.9555132216026546,211.31733454763875,141.03821722687684,-0.4084806702371748,29
123,3.6247593337410065,3.0538901454095524,0.9729025588769261,2.9662833687279133,2.4894999329472935,0.9401954820673314,212.16001075913127,143.0442195292699,-0.419736345609798,29
456,2.0756908496629447,1.4661738809521445,0.9911142258763682,2.500638089091526,2.028587749642386,0.9574978984746586,199.0545197570946,130.22863004040158,-0.2497545580941134,32
789,3.638416544268943,3.0876160726360973,0.9726979810822898,2.505666133580158,2.01458090123996,0.9573268083000995,201.13088656452587,131.8965968256411,-0.2759632875486915,29
