{
  "seed": 789,
  "train_RMSE": 3.0053186085387535,
  "train_MAE": 2.0480551530210764,
  "train_R2": 0.9938076168173932,
  "val_RMSE": 16.50506509465249,
  "val_MAE": 14.445987511837123,
  "val_R2": 0.5631346301170898,
  "test_RMSE": 12.687993759503899,
  "test_MAE": 10.319453832605383,
  "test_R2": 0.8145579763907647,
  "epochs_trained": 74
}