{
  "seed": 123,
  "train_RMSE": 1.8355155689504359,
  "train_MAE": 1.2176355092997715,
  "train_R2": 0.9990801172694422,
  "val_RMSE": 4.540938101623061,
  "val_MAE": 3.6067597436123195,
  "val_R2": 0.9890187241685013,
  "test_RMSE": 4.447115402324594,
  "test_MAE": 3.900926091120797,
  "test_R2": -0.08206476810849561,
  "epochs_trained": 176
}