{
  "seed": 789,
  "train_RMSE": 2.1563005382815796,
  "train_MAE": 1.6122619873405304,
  "train_R2": 0.9968121684524405,
  "val_RMSE": 4.991981901821551,
  "val_MAE": 4.121561778675425,
  "val_R2": 0.9600369026378589,
  "test_RMSE": 150.52488755270986,
  "test_MAE": 97.17599445081737,
  "test_R2": 0.3995894958878533,
  "epochs_trained": 71
}