{
  "seed": 456,
  "train_RMSE": 12.727836535822663,
  "train_MAE": 11.559917364902294,
  "train_R2": 0.8889327651831912,
  "val_RMSE": 18.068421536738484,
  "val_MAE": 15.744198423443418,
  "val_R2": 0.47645554408234836,
  "test_RMSE": 20.054986993389473,
  "test_MAE": 15.960683063884357,
  "test_R2": 0.5366949709284894,
  "epochs_trained": 26
}