{
  "seed": 7,
  "train_RMSE": 1.898543419394677,
  "train_MAE": 1.2720147913152522,
  "train_R2": 0.9985025522779447,
  "val_RMSE": 7.3563212974905605,
  "val_MAE": 5.674790243668988,
  "val_R2": 0.9661247473612405,
  "test_RMSE": 109.62673820009354,
  "test_MAE": 62.96637543560708,
  "test_R2": 0.6815328483860285,
  "epochs_trained": 220
}