{
  "seed": 42,
  "train_RMSE": 1.1196231045047447,
  "train_MAE": 0.7367280679876155,
  "train_R2": 0.9986228327556655,
  "val_RMSE": 2.7202636564107245,
  "val_MAE": 2.2305562872635685,
  "val_R2": 0.9562558917826594,
  "test_RMSE": 117.71699038319316,
  "test_MAE": 63.01542342067961,
  "test_R2": 0.5629220038231915,
  "epochs_trained": 133
}