{
  "seed": 789,
  "train_RMSE": 10.77153096556925,
  "train_MAE": 9.399413979412024,
  "train_R2": 0.920451563135722,
  "val_RMSE": 18.004115986946516,
  "val_MAE": 15.607942560369318,
  "val_R2": 0.4801755042215734,
  "test_RMSE": 260.60996128300934,
  "test_MAE": 193.43005839308648,
  "test_R2": -0.7997562155705078,
  "epochs_trained": 26
}