{
  "seed": 7,
  "train_RMSE": 10.862423739235187,
  "train_MAE": 8.822081565984943,
  "train_R2": 0.9191034012213698,
  "val_RMSE": 13.555696967325659,
  "val_MAE": 11.031334764885177,
  "val_R2": 0.7053158072644483,
  "test_RMSE": 238.80867515071807,
  "test_MAE": 172.26042447860925,
  "test_R2": -0.5112344918674427,
  "epochs_trained": 27
}