{
  "seed": 7,
  "train_RMSE": 2.1165793681656164,
  "train_MAE": 1.608256630641502,
  "train_R2": 0.9969285326829191,
  "val_RMSE": 4.088462571311555,
  "val_MAE": 3.2286720414595163,
  "val_R2": 0.9731939274108379,
  "test_RMSE": 4.666566285714908,
  "test_MAE": 3.7179907159490893,
  "test_R2": 0.9749148256838871,
  "epochs_trained": 99
}