{
  "seed": 123,
  "train_RMSE": 4.755699617348123,
  "train_MAE": 2.902972066920736,
  "train_R2": 0.99382488355162,
  "val_RMSE": 12.140644627080148,
  "val_MAE": 9.443327214809065,
  "val_R2": 0.9215044331034545,
  "test_RMSE": 178.3042436155094,
  "test_MAE": 134.43734425004706,
  "test_R2": -0.2537876016297109,
  "epochs_trained": 49
}