{
  "seed": 456,
  "train_RMSE": 2.9728175634826797,
  "train_MAE": 2.135381385290531,
  "train_R2": 0.9981438077070603,
  "val_RMSE": 5.441123643953358,
  "val_MAE": 4.5644689957725815,
  "val_R2": 0.9847616370101584,
  "test_RMSE": 141.232489133774,
  "test_MAE": 93.73195224746644,
  "test_R2": 0.21337120727467007,
  "epochs_trained": 250
}