{
  "seed": 789,
  "train_RMSE": 3.638416544268943,
  "train_MAE": 3.0876160726360973,
  "train_R2": 0.9726979810822898,
  "val_RMSE": 2.505666133580158,
  "val_MAE": 2.01458090123996,
  "val_R2": 0.9573268083000995,
  "test_RMSE": 201.13088656452587,
  "test_MAE": 131.8965968256411,
  "test_R2": -0.2759632875486915,
  "epochs_trained": 29
}