,lb_stat,lb_pvalue
10,17.04752461861771,0.07331897353867088
20,42.602556113019226,0.002306363025191556
