{
  "seed": 123,
  "train_RMSE": 3.6247593337410065,
  "train_MAE": 3.0538901454095524,
  "train_R2": 0.9729025588769261,
  "val_RMSE": 2.9662833687279133,
  "val_MAE": 2.4894999329472935,
  "val_R2": 0.9401954820673314,
  "test_RMSE": 212.16001075913127,
  "test_MAE": 143.0442195292699,
  "test_R2": -0.419736345609798,
  "epochs_trained": 29
}