{
  "seed": 789,
  "train_RMSE": 3.073094586757993,
  "train_MAE": 2.132732368552167,
  "train_R2": 0.9974214938250656,
  "val_RMSE": 7.035344067950403,
  "val_MAE": 5.666861128676784,
  "val_R2": 0.9736407942572752,
  "test_RMSE": 136.83947117366867,
  "test_MAE": 97.97669182589735,
  "test_R2": 0.2615461036691519,
  "epochs_trained": 175
}