{
  "seed": 123,
  "train_RMSE": 3.213856742494897,
  "train_MAE": 2.7432368700253424,
  "train_R2": 0.9792457958940719,
  "val_RMSE": 2.437360545131649,
  "val_MAE": 1.9875546082755597,
  "val_R2": 0.9690161628368947,
  "test_RMSE": 4.939587973200632,
  "test_MAE": 4.226114209493004,
  "test_R2": -0.2044111551157448,
  "epochs_trained": 29
}