{
  "seed": 456,
  "train_RMSE": 1.8772415694384246,
  "train_MAE": 1.3065557178824838,
  "train_R2": 0.9985359667942391,
  "val_RMSE": 7.699496139051957,
  "val_MAE": 5.9409350135109635,
  "val_R2": 0.9628904425571031,
  "test_RMSE": 117.2559821616195,
  "test_MAE": 66.12205920075718,
  "test_R2": 0.6356643437276419,
  "epochs_trained": 230
}