{
  "seed": 42,
  "train_RMSE": 4.331800549780236,
  "train_MAE": 3.286389315070737,
  "train_R2": 0.9948766594476414,
  "val_RMSE": 8.15478234833594,
  "val_MAE": 6.58562216836898,
  "val_R2": 0.964585070236396,
  "test_RMSE": 139.40154100587614,
  "test_MAE": 94.67966135783368,
  "test_R2": 0.23363482508807187,
  "epochs_trained": 132
}