{
  "seed": 7,
  "train_RMSE": 4.815498648465773,
  "train_MAE": 3.089634274284621,
  "train_R2": 0.993668613131148,
  "val_RMSE": 11.451442140592132,
  "val_MAE": 9.075545264072106,
  "val_R2": 0.9301635744504221,
  "test_RMSE": 19.22445663908937,
  "test_MAE": 18.909502704326925,
  "test_R2": -19.221092001800567,
  "epochs_trained": 68
}