{
  "seed": 456,
  "train_RMSE": 2.331178798170721,
  "train_MAE": 1.5432830069380128,
  "train_R2": 0.988792181307248,
  "val_RMSE": 3.3022082231405836,
  "val_MAE": 2.5232623462945636,
  "val_R2": 0.9258830345971107,
  "test_RMSE": 206.17279342002317,
  "test_MAE": 132.79915293307607,
  "test_R2": -0.34073625519636375,
  "epochs_trained": 48
}