{
  "seed": 42,
  "train_RMSE": 2.30140594213475,
  "train_MAE": 1.821693419719088,
  "train_R2": 0.9985538851670557,
  "val_RMSE": 3.943475429686699,
  "val_MAE": 3.141763380707287,
  "val_R2": 0.9917182919799604,
  "test_RMSE": 104.2478416622676,
  "test_MAE": 60.378083893189945,
  "test_R2": 0.5714171817717364,
  "epochs_trained": 235
}