{
  "seed": 7,
  "train_RMSE": 3.0179350689992583,
  "train_MAE": 2.1549026522083556,
  "train_R2": 0.99751322722606,
  "val_RMSE": 8.27146966994483,
  "val_MAE": 6.688779670423497,
  "val_R2": 0.9635643098926884,
  "test_RMSE": 158.1977228147262,
  "test_MAE": 115.99368582729356,
  "test_R2": 0.013036555359994373,
  "epochs_trained": 143
}