{
  "seed": 42,
  "train_RMSE": 4.0450462982084066,
  "train_MAE": 2.9701187294489153,
  "train_R2": 0.9671224044518453,
  "val_RMSE": 9.340200773211278,
  "val_MAE": 8.258063704130663,
  "val_R2": 0.5450034835236002,
  "test_RMSE": 8.335126825811193,
  "test_MAE": 6.665646616617836,
  "test_R2": -2.4293968521487623,
  "epochs_trained": 28
}