{
  "seed": 123,
  "train_RMSE": 1.9534956883976382,
  "train_MAE": 1.5056923886742255,
  "train_R2": 0.9984146121852984,
  "val_RMSE": 7.417396906254016,
  "val_MAE": 5.8931657964533,
  "val_R2": 0.9655599160294994,
  "test_RMSE": 73.37605637379558,
  "test_MAE": 38.45122474147849,
  "test_R2": 0.8573274603143318,
  "epochs_trained": 129
}