{
  "seed": 456,
  "train_RMSE": 3.9240990054247313,
  "train_MAE": 2.590661172162766,
  "train_R2": 0.9894426068699995,
  "val_RMSE": 7.838490979797578,
  "val_MAE": 6.160681781190813,
  "val_R2": 0.9014678265719223,
  "test_RMSE": 9.197706061621236,
  "test_MAE": 7.356465819641785,
  "test_R2": 0.9025501224336616,
  "epochs_trained": 28
}