{
  "seed": 123,
  "train_RMSE": 1.062923365412361,
  "train_MAE": 0.8251938753301448,
  "train_R2": 0.9987587853627952,
  "val_RMSE": 2.937521159449879,
  "val_MAE": 2.409218918649773,
  "val_R2": 0.9489895005292442,
  "test_RMSE": 134.96438608024033,
  "test_MAE": 77.12411810833474,
  "test_R2": 0.42546166682511966,
  "epochs_trained": 184
}