{
  "seed": 789,
  "train_RMSE": 2.013013168692206,
  "train_MAE": 1.251984983999372,
  "train_R2": 0.9988936066609444,
  "val_RMSE": 5.11656784104403,
  "val_MAE": 4.036061638170252,
  "val_R2": 0.9860581915949446,
  "test_RMSE": 93.29636399845458,
  "test_MAE": 57.89481733084682,
  "test_R2": 0.6567345851469959,
  "epochs_trained": 130
}