{
  "seed": 789,
  "train_RMSE": 1.7414556321146937,
  "train_MAE": 1.299919735422038,
  "train_R2": 0.9987401018731191,
  "val_RMSE": 6.670929786332746,
  "val_MAE": 5.268753571943802,
  "val_R2": 0.9721430282852669,
  "test_RMSE": 66.42602342498125,
  "test_MAE": 31.729350707171726,
  "test_R2": 0.8830747876572098,
  "epochs_trained": 148
}