{
  "seed": 456,
  "train_RMSE": 1.647739500914263,
  "train_MAE": 1.1005783140906362,
  "train_R2": 0.9994297522833436,
  "val_RMSE": 3.752685658315359,
  "val_MAE": 3.0103933079357463,
  "val_R2": 0.9927515441204223,
  "test_RMSE": 52.413219011933904,
  "test_MAE": 25.446174664478228,
  "test_R2": 0.89166163468964,
  "epochs_trained": 247
}