{
  "seed": 123,
  "train_RMSE": 2.048999845362526,
  "train_MAE": 1.7766571695212545,
  "train_R2": 0.997121537122902,
  "val_RMSE": 3.427726683788221,
  "val_MAE": 2.7514492335464005,
  "val_R2": 0.9811580647306973,
  "test_RMSE": 114.98598883058015,
  "test_MAE": 69.50871896404108,
  "test_R2": 0.6496343611771991,
  "epochs_trained": 157
}