seed,train_RMSE,train_MAE,train_R2,val_RMSE,val_MAE,val_R2,test_RMSE,test_MAE,test_R2,epochs_trained
7,3.41173264375472,2.708270703834175,0.992019561349265,6.906315655820654,5.504447261925899,0.9235097668156365,179.60399861152067,120.85710558329542,0.14520167717805676,31
42,3.015483712168414,2.1627005288104884,0.9937656560946083,6.799514269105703,5.136739187529591,0.9258572114973503,170.99865891887848,112.39262888869195,0.22515101682333571,31
123,2.048999845362526,1.7766571695212545,0.997121537122902,3.427726683788221,2.7514492335464005,0.9811580647306973,114.98598883058015,69.50871896404108,0.6496343611771991,157
456,2.6835397063802335,1.8243044320688953,0.995062662299545,7.0833571495917464,5.833071658972537,0.9195378901055178,172.71646690837375,115.67088011859215,0.2095049593407684,31
789,2.1563005382815796,1.6122619873405304,0.9968121684524405,4.991981901821551,4.121561778675425,0.9600369026378589,150.52488755270986,97.17599445081737,0.3995894958878533,71
