{
  "seed": 123,
  "train_RMSE": 2.3240737982001987,
  "train_MAE": 1.5494618259083142,
  "train_R2": 0.9940660646623499,
  "val_RMSE": 6.917842441240379,
  "val_MAE": 5.5095429571051335,
  "val_R2": 0.7170961214105431,
  "test_RMSE": 198.80013793709404,
  "test_MAE": 130.27712693485526,
  "test_R2": -0.2465623502535852,
  "epochs_trained": 69
}