{
  "seed": 456,
  "train_RMSE": 2.348313927538048,
  "train_MAE": 1.75983425701298,
  "train_R2": 0.9984943340529615,
  "val_RMSE": 6.1217897739563085,
  "val_MAE": 4.773212520411757,
  "val_R2": 0.9800419337640239,
  "test_RMSE": 105.83474807879975,
  "test_MAE": 66.85446593502917,
  "test_R2": 0.5582697177622389,
  "epochs_trained": 100
}