{
  "seed": 7,
  "train_RMSE": 3.4478232116128753,
  "train_MAE": 2.918831072536831,
  "train_R2": 0.9754834189397454,
  "val_RMSE": 2.5717866359583916,
  "val_MAE": 2.064935936726315,
  "val_R2": 0.9550449390424695,
  "test_RMSE": 205.4066256026297,
  "test_MAE": 135.17394759264278,
  "test_R2": -0.33079003205141433,
  "epochs_trained": 29
}