{
  "seed": 42,
  "train_RMSE": 1.961184804602075,
  "train_MAE": 1.5004282803246471,
  "train_R2": 0.9984021071953214,
  "val_RMSE": 6.547229004155452,
  "val_MAE": 5.272615068609064,
  "val_R2": 0.9731665677077895,
  "test_RMSE": 94.06898789332925,
  "test_MAE": 50.13186231639287,
  "test_R2": 0.7655098516142803,
  "epochs_trained": 250
}