{
  "seed": 42,
  "train_RMSE": 3.282400124174961,
  "train_MAE": 2.498073001611953,
  "train_R2": 0.9926131407781162,
  "val_RMSE": 7.834629874133312,
  "val_MAE": 6.516157411517518,
  "val_R2": 0.9015648731677652,
  "test_RMSE": 8.86034095788809,
  "test_MAE": 7.078526574438745,
  "test_R2": 0.9095677963233514,
  "epochs_trained": 31
}