{
  "seed": 42,
  "train_RMSE": 2.4719687326381403,
  "train_MAE": 1.6824439399218167,
  "train_R2": 0.9873975241471041,
  "val_RMSE": 3.8382751560466284,
  "val_MAE": 3.197220246220977,
  "val_R2": 0.8998661463318751,
  "test_RMSE": 208.83311324325712,
  "test_MAE": 134.8376117948704,
  "test_R2": -0.3755594627677832,
  "epochs_trained": 48
}