{
  "seed": 7,
  "train_RMSE": 2.3861378703833815,
  "train_MAE": 1.5622623492815793,
  "train_R2": 0.9882574884885971,
  "val_RMSE": 3.2382936623889487,
  "val_MAE": 2.467074144390267,
  "val_R2": 0.9287243510375452,
  "test_RMSE": 211.29564872518475,
  "test_MAE": 138.02861604467282,
  "test_R2": -0.4081916026643453,
  "epochs_trained": 49
}