{
  "seed": 456,
  "train_RMSE": 4.723691409963445,
  "train_MAE": 3.0631133768869483,
  "train_R2": 0.9939077269891197,
  "val_RMSE": 10.537621202532547,
  "val_MAE": 8.488490287072022,
  "val_R2": 0.9408647002974446,
  "test_RMSE": 15.905227067885178,
  "test_MAE": 15.567104280911963,
  "test_R2": -12.841278427926174,
  "epochs_trained": 63
}