{
  "seed": 7,
  "train_RMSE": 4.08139204208994,
  "train_MAE": 3.2501972361993405,
  "train_R2": 0.9665289233949304,
  "val_RMSE": 9.812369163958303,
  "val_MAE": 8.645053272373627,
  "val_R2": 0.4978385078316725,
  "test_RMSE": 8.837470720491355,
  "test_MAE": 7.1679101943969705,
  "test_R2": -2.8552211515039536,
  "epochs_trained": 28
}