{
  "seed": 123,
  "train_RMSE": 3.3653394758544155,
  "train_MAE": 2.163426651701259,
  "train_R2": 0.9969077536874866,
  "val_RMSE": 10.155898045989495,
  "val_MAE": 8.264876877414727,
  "val_R2": 0.9450714289374158,
  "test_RMSE": 8.65052834907976,
  "test_MAE": 7.934179687500004,
  "test_R2": -3.094319455904044,
  "epochs_trained": 85
}