{
  "seed": 456,
  "train_RMSE": 1.797199029073207,
  "train_MAE": 1.3828955462369052,
  "train_R2": 0.9964515774443466,
  "val_RMSE": 5.069855237901546,
  "val_MAE": 3.7381510483591165,
  "val_R2": 0.8480542047246503,
  "test_RMSE": 171.19072160729357,
  "test_MAE": 108.9312209062353,
  "test_R2": 0.07564011857914865,
  "epochs_trained": 151
}