{
  "seed": 7,
  "train_RMSE": 4.2459569628471785,
  "train_MAE": 2.6402444112223233,
  "train_R2": 0.9962135029353832,
  "val_RMSE": 9.06928190660108,
  "val_MAE": 7.137800630783654,
  "val_R2": 0.957664282170014,
  "test_RMSE": 112.03928207656874,
  "test_MAE": 79.0004347467997,
  "test_R2": 0.5049589118953377,
  "epochs_trained": 94
}