{
  "seed": 42,
  "train_RMSE": 2.722126939134405,
  "train_MAE": 1.935303164347168,
  "train_R2": 0.9984436646002784,
  "val_RMSE": 5.496758516921246,
  "val_MAE": 4.575952890977503,
  "val_R2": 0.984448422793899,
  "test_RMSE": 137.8565728888814,
  "test_MAE": 88.97663544804217,
  "test_R2": 0.25052773235441184,
  "epochs_trained": 250
}