{
  "seed": 7,
  "train_RMSE": 1.0320725071399168,
  "train_MAE": 0.8019299554998225,
  "train_R2": 0.9988297910938094,
  "val_RMSE": 2.747044367087097,
  "val_MAE": 2.3091899068732005,
  "val_R2": 0.9553903396938181,
  "test_RMSE": 132.19090536636205,
  "test_MAE": 73.24332379752576,
  "test_R2": 0.4488322512995,
  "epochs_trained": 186
}