{
  "seed": 456,
  "train_RMSE": 2.0404444125322,
  "train_MAE": 1.408117343925044,
  "train_R2": 0.9916342941370777,
  "val_RMSE": 2.961757063940927,
  "val_MAE": 2.3000311542030984,
  "val_R2": 0.9542496401851199,
  "test_RMSE": 5.917878800440457,
  "test_MAE": 5.1493568420410165,
  "test_R2": -0.7287231708438775,
  "epochs_trained": 71
}