{
  "seed": 42,
  "train_RMSE": 1.9692571337189133,
  "train_MAE": 1.5291750368103607,
  "train_R2": 0.9991854995968322,
  "val_RMSE": 3.651630954173083,
  "val_MAE": 2.914908277542197,
  "val_R2": 0.9931366699446966,
  "test_RMSE": 71.0257477789651,
  "test_MAE": 34.102002565927776,
  "test_R2": 0.8010553605527632,
  "epochs_trained": 250
}