,lb_stat,lb_pvalue
10,10.51836443609631,0.3962501475724969
20,46.957041771695664,0.0005946999671476903
