{
  "seed": 42,
  "train_RMSE": 1.7616866546999226,
  "train_MAE": 1.219827115190202,
  "train_R2": 0.9991526288973663,
  "val_RMSE": 3.7440233220350354,
  "val_MAE": 2.9991789604145316,
  "val_R2": 0.9925348467584914,
  "test_RMSE": 6.08787239998082,
  "test_MAE": 5.769228656475364,
  "test_R2": -1.0278113055730662,
  "epochs_trained": 250
}