seed,train_RMSE,train_MAE,train_R2,val_RMSE,val_MAE,val_R2,test_RMSE,test_MAE,test_R2,epochs_trained
7,2.3861378703833815,1.5622623492815793,0.9882574884885971,3.2382936623889487,2.467074144390267,0.9287243510375452,211.29564872518475,138.02861604467282,-0.4081916026643453,49
42,2.4719687326381403,1.6824439399218167,0.9873975241471041,3.8382751560466284,3.197220246220977,0.8998661463318751,208.83311324325712,134.8376117948704,-0.3755594627677832,48
123,2.2637460851624067,1.4813720119288416,0.9894312079664357,3.4251884246364024,2.7157532920300103,0.9202597384596252,190.0912095176309,115.38407641254538,-0.13973716747801435,62
456,2.331178798170721,1.5432830069380128,0.988792181307248,3.3022082231405836,2.5232623462945636,0.9258830345971107,206.17279342002317,132.79915293307607,-0.34073625519636375,48
789,2.4109365753902745,1.6231146647652395,0.9880121445186012,3.5930225204540083,2.781550619635783,0.9122537431516354,201.55185211979128,127.40656586969176,-0.2813100417405965,51
