,lb_stat,lb_pvalue
10,19.254112110625954,0.037151286306187116
20,43.75001847837093,0.0016253125724321469
