{
  "seed": 456,
  "train_RMSE": 1.8666076756794052,
  "train_MAE": 1.2311201455617191,
  "train_R2": 0.9985525062521575,
  "val_RMSE": 7.5563048737996485,
  "val_MAE": 6.064398522810501,
  "val_R2": 0.9642578964943594,
  "test_RMSE": 90.92309120753983,
  "test_MAE": 49.47508144430918,
  "test_R2": 0.7809314449951261,
  "epochs_trained": 103
}