{
  "seed": 7,
  "train_RMSE": 10.240531067796194,
  "train_MAE": 8.248093605169514,
  "train_R2": 0.9281011836908782,
  "val_RMSE": 13.665933116997476,
  "val_MAE": 11.71093076763731,
  "val_R2": 0.7005035226991752,
  "test_RMSE": 16.828363218345245,
  "test_MAE": 13.431695523104823,
  "test_R2": 0.6737834432851464,
  "epochs_trained": 27
}