{
  "seed": 123,
  "train_RMSE": 4.321143770225684,
  "train_MAE": 3.401363912797132,
  "train_R2": 0.9624810662847546,
  "val_RMSE": 7.271571899384302,
  "val_MAE": 6.44844236058115,
  "val_R2": 0.7242266762463809,
  "test_RMSE": 6.657661800771786,
  "test_MAE": 5.103363291422524,
  "test_R2": -1.1879469108069656,
  "epochs_trained": 28
}