{
  "seed": 7,
  "train_RMSE": 3.41173264375472,
  "train_MAE": 2.708270703834175,
  "train_R2": 0.992019561349265,
  "val_RMSE": 6.906315655820654,
  "val_MAE": 5.504447261925899,
  "val_R2": 0.9235097668156365,
  "test_RMSE": 179.60399861152067,
  "test_MAE": 120.85710558329542,
  "test_R2": 0.14520167717805676,
  "epochs_trained": 31
}