{
  "seed": 789,
  "train_RMSE": 1.7653237917672804,
  "train_MAE": 1.3300119186247754,
  "train_R2": 0.9978633886539701,
  "val_RMSE": 4.385987208459311,
  "val_MAE": 3.6248664624763256,
  "val_R2": 0.9691505192681099,
  "test_RMSE": 4.92611798391027,
  "test_MAE": 3.9988946097237714,
  "test_R2": 0.9720467786425709,
  "epochs_trained": 117
}