{
  "seed": 123,
  "train_RMSE": 2.2637460851624067,
  "train_MAE": 1.4813720119288416,
  "train_R2": 0.9894312079664357,
  "val_RMSE": 3.4251884246364024,
  "val_MAE": 2.7157532920300103,
  "val_R2": 0.9202597384596252,
  "test_RMSE": 190.0912095176309,
  "test_MAE": 115.38407641254538,
  "test_R2": -0.13973716747801435,
  "epochs_trained": 62
}