{
  "seed": 123,
  "train_RMSE": 3.7453062961070853,
  "train_MAE": 2.593093369767961,
  "train_R2": 0.9970538074284752,
  "val_RMSE": 7.312206038263441,
  "val_MAE": 6.088381052272206,
  "val_R2": 0.9724793957561149,
  "test_RMSE": 136.4475088620398,
  "test_MAE": 95.76352318453502,
  "test_R2": 0.26577049228695837,
  "epochs_trained": 117
}