{
  "seed": 456,
  "train_RMSE": 3.1669244887745474,
  "train_MAE": 2.0595515006982184,
  "train_R2": 0.9972616324660509,
  "val_RMSE": 10.18491835365423,
  "val_MAE": 8.288142886969563,
  "val_R2": 0.9447570655002127,
  "test_RMSE": 160.1526787663698,
  "test_MAE": 116.39106575226688,
  "test_R2": -0.01150731173251951,
  "epochs_trained": 139
}