{
  "seed": 7,
  "train_RMSE": 1.846192479666421,
  "train_MAE": 1.209376515167347,
  "train_R2": 0.9990693845128898,
  "val_RMSE": 4.608438111482893,
  "val_MAE": 3.6178606127129216,
  "val_R2": 0.9886898294053625,
  "test_RMSE": 99.2693889583525,
  "test_MAE": 63.95231134498933,
  "test_R2": 0.6113744861508054,
  "epochs_trained": 166
}