seed,train_RMSE,train_MAE,train_R2,val_RMSE,val_MAE,val_R2,test_RMSE,test_MAE,test_R2,epochs_trained
7,10.862423739235187,8.822081565984943,0.9191034012213698,13.555696967325659,11.031334764885177,0.7053158072644483,238.80867515071807,172.26042447860925,-0.5112344918674427,27
42,3.6152807665139832,2.594011442229252,0.9910389099206945,15.30140323879693,13.337494358871922,0.624529641482362,215.30360870268657,154.86074895571355,-0.22838435594479445,61
123,3.2105919511683045,2.2173166949636984,0.9929328061045618,15.106767296239884,13.200850996537644,0.634020958327951,201.9755040759178,145.12133401113013,-0.08100837855908138,67
456,3.229734440254584,2.12680721116546,0.9928482815156165,17.19304856683598,15.00137547348485,0.5259557133098023,222.11350185460864,160.94997996291067,-0.3073190125469918,61
789,10.77153096556925,9.399413979412024,0.920451563135722,18.004115986946516,15.607942560369318,0.4801755042215734,260.60996128300934,193.43005839308648,-0.7997562155705078,26
