{
  "seed": 789,
  "train_RMSE": 2.255116679071639,
  "train_MAE": 1.6072167689028116,
  "train_R2": 0.9989318690902035,
  "val_RMSE": 5.754188696136007,
  "val_MAE": 4.7802176898813515,
  "val_R2": 0.9829576561359764,
  "test_RMSE": 162.36639953799389,
  "test_MAE": 112.6637760024473,
  "test_R2": -0.03966382427020898,
  "epochs_trained": 250
}