{
  "seed": 789,
  "train_RMSE": 2.970714312984127,
  "train_MAE": 2.5176291032255,
  "train_R2": 0.982267301403812,
  "val_RMSE": 2.546380196761483,
  "val_MAE": 2.108380420002717,
  "val_R2": 0.966182449723363,
  "test_RMSE": 4.711503032384466,
  "test_MAE": 4.062562370300295,
  "test_R2": -0.09575199516249433,
  "epochs_trained": 29
}