{
  "seed": 789,
  "train_RMSE": 3.8984750017218337,
  "train_MAE": 2.5099831903038394,
  "train_R2": 0.9958504038884664,
  "val_RMSE": 10.23914730844994,
  "val_MAE": 8.365870141201334,
  "val_R2": 0.9441672243491038,
  "test_RMSE": 12.621339821084794,
  "test_MAE": 12.288643704927889,
  "test_R2": -7.715802441165376,
  "epochs_trained": 76
}