{
  "seed": 123,
  "train_RMSE": 2.0373630578494684,
  "train_MAE": 1.4627315811436585,
  "train_R2": 0.9982755625098045,
  "val_RMSE": 8.068514577836963,
  "val_MAE": 6.197315562855111,
  "val_R2": 0.9592480551347303,
  "test_RMSE": 112.74255076759435,
  "test_MAE": 65.08251311001713,
  "test_R2": 0.6631726321920546,
  "epochs_trained": 213
}