{
  "seed": 42,
  "train_RMSE": 2.969545795132529,
  "train_MAE": 2.4460902377531992,
  "train_R2": 0.9818134641929888,
  "val_RMSE": 2.55835682952327,
  "val_MAE": 2.0864000132386127,
  "val_R2": 0.9555132216026546,
  "test_RMSE": 211.31733454763875,
  "test_MAE": 141.03821722687684,
  "test_R2": -0.4084806702371748,
  "epochs_trained": 29
}