{
  "seed": 456,
  "train_RMSE": 2.0756908496629447,
  "train_MAE": 1.4661738809521445,
  "train_R2": 0.9911142258763682,
  "val_RMSE": 2.500638089091526,
  "val_MAE": 2.028587749642386,
  "val_R2": 0.9574978984746586,
  "test_RMSE": 199.0545197570946,
  "test_MAE": 130.22863004040158,
  "test_R2": -0.2497545580941134,
  "epochs_trained": 32
}