{
  "seed": 42,
  "train_RMSE": 2.8591037885914066,
  "train_MAE": 1.9298682544542396,
  "train_R2": 0.9977680926490282,
  "val_RMSE": 5.9548120040277155,
  "val_MAE": 4.884798552299457,
  "val_R2": 0.9811158367225035,
  "test_RMSE": 9.20907954793531,
  "test_MAE": 8.771147742638224,
  "test_R2": -3.6401167344047334,
  "epochs_trained": 213
}