seed,train_RMSE,train_MAE,train_R2,val_RMSE,val_MAE,val_R2,test_RMSE,test_MAE,test_R2,epochs_trained
7,1.846192479666421,1.209376515167347,0.9990693845128898,4.608438111482893,3.6178606127129216,0.9886898294053625,99.2693889583525,63.95231134498933,0.6113744861508054,166
42,2.30140594213475,1.821693419719088,0.9985538851670557,3.943475429686699,3.141763380707287,0.9917182919799604,104.2478416622676,60.378083893189945,0.5714171817717364,235
123,1.9548064675964338,1.3741294592474969,0.9989566648114832,4.815319926189625,3.7805108075584855,0.9876515647254903,96.22626304150837,55.062594763820904,0.6348360867620018,164
456,2.348313927538048,1.75983425701298,0.9984943340529615,6.1217897739563085,4.773212520411757,0.9800419337640239,105.83474807879975,66.85446593502917,0.5582697177622389,100
789,2.013013168692206,1.251984983999372,0.9988936066609444,5.11656784104403,4.036061638170252,0.9860581915949446,93.29636399845458,57.89481733084682,0.6567345851469959,130
