{
  "seed": 456,
  "train_RMSE": 1.2415861514950635,
  "train_MAE": 0.984236514975808,
  "train_R2": 0.9983064551584828,
  "val_RMSE": 3.0058222275780127,
  "val_MAE": 2.2534545697663955,
  "val_R2": 0.9465898064092467,
  "test_RMSE": 132.39416087470187,
  "test_MAE": 75.60528156956701,
  "test_R2": 0.447136007414241,
  "epochs_trained": 158
}