{
  "seed": 123,
  "train_RMSE": 2.144240977636688,
  "train_MAE": 1.7761185587492565,
  "train_R2": 0.9968477259682624,
  "val_RMSE": 3.4805861390782153,
  "val_MAE": 2.6147158351089,
  "val_R2": 0.9805724556326252,
  "test_RMSE": 3.9459516150688327,
  "test_MAE": 3.0987691019917576,
  "test_R2": 0.9820639933440634,
  "epochs_trained": 124
}