{
  "seed": 42,
  "train_RMSE": 1.9978675574313582,
  "train_MAE": 1.3061661132812499,
  "train_R2": 0.9956149316225587,
  "val_RMSE": 6.08546362957941,
  "val_MAE": 4.905474542316637,
  "val_R2": 0.7810802663377306,
  "test_RMSE": 185.0765743284944,
  "test_MAE": 121.17508170341567,
  "test_R2": -0.08039744309440588,
  "epochs_trained": 117
}