{
  "seed": 789,
  "train_RMSE": 1.1605667635669867,
  "train_MAE": 0.7923977863658557,
  "train_R2": 0.9985202674108655,
  "val_RMSE": 3.0478995996946545,
  "val_MAE": 2.356394366214149,
  "val_R2": 0.9450840017434997,
  "test_RMSE": 136.2673805189141,
  "test_MAE": 77.0322926192778,
  "test_R2": 0.41431451906901307,
  "epochs_trained": 136
}