{
  "seed": 7,
  "train_RMSE": 1.6013321456496459,
  "train_MAE": 1.0038578778073408,
  "train_R2": 0.9992998692307815,
  "val_RMSE": 4.024940242516233,
  "val_MAE": 3.164754140051336,
  "val_R2": 0.991372588555605,
  "test_RMSE": 6.861149229774878,
  "test_MAE": 6.536172954852768,
  "test_R2": -1.5756698146708996,
  "epochs_trained": 240
}