{
  "seed": 789,
  "train_RMSE": 2.417618372224889,
  "train_MAE": 2.0278685556517706,
  "train_R2": 0.9975717908207187,
  "val_RMSE": 6.122419299293748,
  "val_MAE": 4.749097407947886,
  "val_R2": 0.9765357162054799,
  "test_RMSE": 95.64438622210163,
  "test_MAE": 51.083873863742774,
  "test_R2": 0.7575899463396727,
  "epochs_trained": 245
}