,lb_stat,lb_pvalue
10,24.87887377371759,0.005579886561964974
20,52.43001539873864,9.85272282966064e-05
