{
  "seed": 42,
  "train_RMSE": 3.015483712168414,
  "train_MAE": 2.1627005288104884,
  "train_R2": 0.9937656560946083,
  "val_RMSE": 6.799514269105703,
  "val_MAE": 5.136739187529591,
  "val_R2": 0.9258572114973503,
  "test_RMSE": 170.99865891887848,
  "test_MAE": 112.39262888869195,
  "test_R2": 0.22515101682333571,
  "epochs_trained": 31
}