{
  "seed": 456,
  "train_RMSE": 2.102546800469776,
  "train_MAE": 1.5372228968546586,
  "train_R2": 0.998792998906398,
  "val_RMSE": 4.553568209634501,
  "val_MAE": 3.6157272505629905,
  "val_R2": 0.9889575528516535,
  "test_RMSE": 5.657754839204919,
  "test_MAE": 5.189192786583537,
  "test_R2": -0.751397426429985,
  "epochs_trained": 175
}