{
  "seed": 789,
  "train_RMSE": 2.1300825287536416,
  "train_MAE": 1.342756707919179,
  "train_R2": 0.9908831267794025,
  "val_RMSE": 3.1290510061761547,
  "val_MAE": 2.284728235914218,
  "val_R2": 0.9489352825426978,
  "test_RMSE": 5.820308189065102,
  "test_MAE": 5.066572570800783,
  "test_R2": -0.6721886950007121,
  "epochs_trained": 62
}