{
  "seed": 7,
  "train_RMSE": 2.879158608889972,
  "train_MAE": 2.1556996617797894,
  "train_R2": 0.9833434813469758,
  "val_RMSE": 2.72995454591111,
  "val_MAE": 2.2251653810210588,
  "val_R2": 0.9611307214112689,
  "test_RMSE": 4.820806675341631,
  "test_MAE": 4.104098574320478,
  "test_R2": -0.1471831292778718,
  "epochs_trained": 28
}