{
  "seed": 456,
  "train_RMSE": 3.229734440254584,
  "train_MAE": 2.12680721116546,
  "train_R2": 0.9928482815156165,
  "val_RMSE": 17.19304856683598,
  "val_MAE": 15.00137547348485,
  "val_R2": 0.5259557133098023,
  "test_RMSE": 222.11350185460864,
  "test_MAE": 160.94997996291067,
  "test_R2": -0.3073190125469918,
  "epochs_trained": 61
}