{
  "seed": 42,
  "train_RMSE": 2.7182607003066694,
  "train_MAE": 1.8679481229157546,
  "train_R2": 0.9851531176318911,
  "val_RMSE": 2.6952782393025365,
  "val_MAE": 2.1662985290123147,
  "val_R2": 0.9621118972834526,
  "test_RMSE": 5.1267500214806985,
  "test_MAE": 4.327574412027996,
  "test_R2": -0.2974110843440352,
  "epochs_trained": 28
}