{
  "seed": 42,
  "train_RMSE": 2.4801923173171123,
  "train_MAE": 2.234642154068658,
  "train_R2": 0.9974444680346279,
  "val_RMSE": 6.579229601970066,
  "val_MAE": 5.216917124661531,
  "val_R2": 0.9729036215501224,
  "test_RMSE": 71.27164717867588,
  "test_MAE": 36.075321939546775,
  "test_R2": 0.8653937421570468,
  "epochs_trained": 172
}