{
  "seed": 456,
  "train_RMSE": 2.298108810531467,
  "train_MAE": 1.9081410799594904,
  "train_R2": 0.989388073567544,
  "val_RMSE": 2.5522220314431405,
  "val_MAE": 2.083823905085886,
  "val_R2": 0.966027105165888,
  "test_RMSE": 4.400134023819911,
  "test_MAE": 3.7961066563924164,
  "test_R2": 0.044292201334546366,
  "epochs_trained": 31
}