{
  "seed": 7,
  "train_RMSE": 2.004427203933316,
  "train_MAE": 1.3773097573546278,
  "train_R2": 0.9991561465593767,
  "val_RMSE": 4.546538903658533,
  "val_MAE": 3.5524973660229366,
  "val_R2": 0.9893604576409607,
  "test_RMSE": 85.90835933212486,
  "test_MAE": 45.86286383326274,
  "test_R2": 0.7089474142081924,
  "epochs_trained": 193
}