,lb_stat,lb_pvalue
10,26.713032902985514,0.002890775577404672
20,50.42968935665243,0.00019217462052084034
