{
  "seed": 7,
  "train_RMSE": 1.8794787998145162,
  "train_MAE": 1.3309517062794078,
  "train_R2": 0.9961192305462212,
  "val_RMSE": 5.657964453313919,
  "val_MAE": 4.385946524770635,
  "val_R2": 0.8107577957123603,
  "test_RMSE": 179.31845037101073,
  "test_MAE": 117.39258506545255,
  "test_R2": -0.014216326293826187,
  "epochs_trained": 136
}