{
  "seed": 42,
  "train_RMSE": 8.64453022277514,
  "train_MAE": 6.871833672107466,
  "train_R2": 0.9487658452631696,
  "val_RMSE": 13.481815635724477,
  "val_MAE": 11.306694077000474,
  "val_R2": 0.7085192324521683,
  "test_RMSE": 17.11007581128462,
  "test_MAE": 13.446895222087486,
  "test_R2": 0.662770069743321,
  "epochs_trained": 27
}