{
  "seed": 42,
  "train_RMSE": 3.6152807665139832,
  "train_MAE": 2.594011442229252,
  "train_R2": 0.9910389099206945,
  "val_RMSE": 15.30140323879693,
  "val_MAE": 13.337494358871922,
  "val_R2": 0.624529641482362,
  "test_RMSE": 215.30360870268657,
  "test_MAE": 154.86074895571355,
  "test_R2": -0.22838435594479445,
  "epochs_trained": 61
}