{
  "seed": 7,
  "train_RMSE": 1.4330853306365186,
  "train_MAE": 0.9553205698427528,
  "train_R2": 0.9991467924244976,
  "val_RMSE": 6.552031749548402,
  "val_MAE": 5.1816884821111495,
  "val_R2": 0.9731271857306807,
  "test_RMSE": 69.331514406185,
  "test_MAE": 34.41936200703661,
  "test_R2": 0.8726224087907958,
  "epochs_trained": 180
}