{
  "seed": 789,
  "train_RMSE": 2.2968321002206773,
  "train_MAE": 1.5011057803020387,
  "train_R2": 0.998559627507287,
  "val_RMSE": 5.481579635175675,
  "val_MAE": 4.345555464947809,
  "val_R2": 0.9839980432559018,
  "test_RMSE": 6.316867647095044,
  "test_MAE": 5.827655733548681,
  "test_R2": -1.183232625823769,
  "epochs_trained": 122
}