{
  "seed": 789,
  "train_RMSE": 2.359907661224349,
  "train_MAE": 1.8749884194350936,
  "train_R2": 0.9988302946691786,
  "val_RMSE": 4.127097580768604,
  "val_MAE": 3.2393950028852987,
  "val_R2": 0.9912330082147877,
  "test_RMSE": 82.21845987036185,
  "test_MAE": 39.48448591730203,
  "test_R2": 0.7334128041289831,
  "epochs_trained": 212
}