,lb_stat,lb_pvalue
10,25.63312362429733,0.004266242307005763
20,50.57509975643048,0.00018313973106549354
