{
  "seed": 789,
  "train_RMSE": 2.4109365753902745,
  "train_MAE": 1.6231146647652395,
  "train_R2": 0.9880121445186012,
  "val_RMSE": 3.5930225204540083,
  "val_MAE": 2.781550619635783,
  "val_R2": 0.9122537431516354,
  "test_RMSE": 201.55185211979128,
  "test_MAE": 127.40656586969176,
  "test_R2": -0.2813100417405965,
  "epochs_trained": 51
}