seed,train_RMSE,train_MAE,train_R2,val_RMSE,val_MAE,val_R2,test_RMSE,test_MAE,test_R2,epochs_trained
7,3.0179350689992583,2.1549026522083556,0.99751322722606,8.27146966994483,6.688779670423497,0.9635643098926884,158.1977228147262,115.99368582729356,0.013036555359994373,143
42,4.331800549780236,3.286389315070737,0.9948766594476414,8.15478234833594,6.58562216836898,0.964585070236396,139.40154100587614,94.67966135783368,0.23363482508807187,132
123,4.755699617348123,2.902972066920736,0.99382488355162,12.140644627080148,9.443327214809065,0.9215044331034545,178.3042436155094,134.43734425004706,-0.2537876016297109,49
456,3.1669244887745474,2.0595515006982184,0.9972616324660509,10.18491835365423,8.288142886969563,0.9447570655002127,160.1526787663698,116.39106575226688,-0.01150731173251951,139
789,3.073094586757993,2.132732368552167,0.9974214938250656,7.035344067950403,5.666861128676784,0.9736407942572752,136.83947117366867,97.97669182589735,0.2615461036691519,175
