{
  "seed": 123,
  "train_RMSE": 1.9406636005953397,
  "train_MAE": 1.3196280730695256,
  "train_R2": 0.9992089809015047,
  "val_RMSE": 4.309468861786775,
  "val_MAE": 3.3890742419237765,
  "val_R2": 0.9904410845799001,
  "test_RMSE": 68.40041042586203,
  "test_MAE": 39.162938546176896,
  "test_R2": 0.815490799376611,
  "epochs_trained": 196
}