{
  "seed": 123,
  "train_RMSE": 3.561193997536332,
  "train_MAE": 2.7124087768913117,
  "train_R2": 0.9913050308197695,
  "val_RMSE": 16.632722306030818,
  "val_MAE": 14.535720843690816,
  "val_R2": 0.5563506901305828,
  "test_RMSE": 12.201158098184326,
  "test_MAE": 9.748416640732316,
  "test_R2": 0.8285157042340082,
  "epochs_trained": 76
}