{
  "seed": 789,
  "train_RMSE": 2.129152417819683,
  "train_MAE": 1.4882192226756703,
  "train_R2": 0.9950196887577959,
  "val_RMSE": 6.233441900438727,
  "val_MAE": 4.741231998644377,
  "val_R2": 0.7703040167424704,
  "test_RMSE": 187.44164973064466,
  "test_MAE": 122.64301127558169,
  "test_R2": -0.10818645840931307,
  "epochs_trained": 90
}