{
  "seed": 456,
  "train_RMSE": 2.6835397063802335,
  "train_MAE": 1.8243044320688953,
  "train_R2": 0.995062662299545,
  "val_RMSE": 7.0833571495917464,
  "val_MAE": 5.833071658972537,
  "val_R2": 0.9195378901055178,
  "test_RMSE": 172.71646690837375,
  "test_MAE": 115.67088011859215,
  "test_R2": 0.2095049593407684,
  "epochs_trained": 31
}