{
  "seed": 123,
  "train_RMSE": 3.2105919511683045,
  "train_MAE": 2.2173166949636984,
  "train_R2": 0.9929328061045618,
  "val_RMSE": 15.106767296239884,
  "val_MAE": 13.200850996537644,
  "val_R2": 0.634020958327951,
  "test_RMSE": 201.9755040759178,
  "test_MAE": 145.12133401113013,
  "test_R2": -0.08100837855908138,
  "epochs_trained": 67
}