{
  "seed": 123,
  "train_RMSE": 1.9548064675964338,
  "train_MAE": 1.3741294592474969,
  "train_R2": 0.9989566648114832,
  "val_RMSE": 4.815319926189625,
  "val_MAE": 3.7805108075584855,
  "val_R2": 0.9876515647254903,
  "test_RMSE": 96.22626304150837,
  "test_MAE": 55.062594763820904,
  "test_R2": 0.6348360867620018,
  "epochs_trained": 164
}